source,author,title,description,url,urlToImage,publishedAt,content
"{'id': None, 'name': 'The Daily Caller'}",Mariane Angela,US Cyber Authorities Call For Immediate iOS Update For Millions Of Apple Users,U.S. cyber authorities have issued an urgent call for millions of Apple users to immediately update their devices to iOS 17.6 released Monday.,https://dailycaller.com/2024/07/30/us-cyber-authorities-ios-update-apple-users/,https://cdn01.dailycaller.com/wp-content/uploads/2024/07/GettyImages-1947563857-scaled-e1722382500684.jpg,2024-07-30T23:48:08Z,"Readers,
Instead of sucking up to the political and corporate powers that dominate America, The Daily Caller is fighting for you our readers. We humbly ask you to consider joining us in this fight.… [+3541 chars]"
"{'id': None, 'name': 'Forbes'}","Zak Doffman, Contributor, 
 Zak Doffman, Contributor
 https://www.forbes.com/sites/zakdoffman/",Google Warns 3 Billion Chrome Users—No New Update For Tracking ‘Nightmare’,A harsh reality check for Chrome users after Google’s shock decision.,https://www.forbes.com/sites/zakdoffman/2024/07/30/google-chrome-warning-3-billion-microsoft-windows-10-windows-11-android-users/,"https://imageio.forbes.com/specials-images/imageserve/60c33f39d390197fa0861833/0x0.jpg?format=jpg&crop=1149,765,x857,y472,safe&height=900&width=1600&fit=bounds",2024-07-30T23:45:00Z,"No news is sometimes bad news
NurPhoto via Getty Images
Forget iPhone 16 and iOS 18, perhaps the most impressive thing to come from Apple this year will be its unnerving sense of timing. No sooner … [+4525 chars]"
"{'id': None, 'name': 'CinemaBlend'}",Caroline Young,Matt Damon Knows People Think Jesse Plemons Is His Celeb Look-Alike. One Moment Even He Had To Admit It's True,Matt Damon apparently agrees that Jesse Plemons looks like him and reveals that the resemblance was more uncanny over 20 years ago.,https://www.cinemablend.com/movies/matt-damon-knows-people-think-jesse-plemons-celeb-look-alike-one-moment-admit-true,https://cdn.mos.cms.futurecdn.net/6LdzUL6YX3UTQCzgmPWnD6-1200-80.png,2024-07-30T23:39:15Z,"Matt Damon arguably has one of the most recognizable faces in Hollywood. After catapulting to fame after starring in Good Will Hunting, movies like the JasonBourne franchise, Saving Private Ryan and … [+4376 chars]"
"{'id': 'news-com-au', 'name': 'News.com.au'}",Caroline Blair – Page Six,Jennifer Aniston seen crying on the street while filming in New York,Jennifer Aniston was photographed crying and looking shocked while filming Season 4 of The Morning Show.,https://www.news.com.au/entertainment/celebrity-life/celebrity-photos/jennifer-aniston-seen-crying-on-the-street-while-filming-in-new-york/news-story/7ecb0330028c5b0f9029113bbb0a0003,https://content.api.news/v3/images/bin/2fa1e7cd134759fcc69e7249a4ab1b0c,2024-07-30T23:38:00Z,"Jennifer Aniston was photographed crying and looking shocked while filming Season 4 of The Morning Show.
The Friends star appeared on the red carpet-draped stairs of the New York Public Library on h… [+1917 chars]"
"{'id': 'the-times-of-india', 'name': 'The Times of India'}",TNN,Tatas drop plan to buy India business of Vivo,"India Business News: NEW DELHI: Tata group's bid to acquire a majority stake in Chinese smartphone giant Vivo's India business may have stalled after objections by Apple, .",https://timesofindia.indiatimes.com/business/india-business/tatas-drop-plan-to-buy-india-business-of-vivo/articleshow/112151021.cms,"https://static.toiimg.com/thumb/msid-112151039,width-1070,height-580,imgsize-33336,resizemode-75,overlay-toi_sw,pt-32,y_pad-40/photo.jpg",2024-07-30T23:37:47Z,"FD Calculator
When investing in a fixed deposit, the amount you deposit earns interest as per the prevailing...
Calculate Now"
"{'id': None, 'name': 'Electrek'}",Jo Borrás,"Massive Tesla recall, massive self-driving haul truck, and a massive new wind farm","In today’s massive new episode of Quick Charge, Tesla issues a massive 1.8 million EV recall to keep their hoods from flying open, Liebherr puts out a massive, 264-ton electric haul truck, and a massive 2.2 MW wind farm gets one step closer to reality.



 mo…",http://electrek.co/2024/07/30/massive-tesla-recall-massive-self-driving-haul-truck-and-a-massive-new-wind-farm/,https://i0.wp.com/electrek.co/wp-content/uploads/sites/3/2024/07/BYD-Yangwang-U9-supercar-4.png?resize=1200%2C628&quality=82&strip=all&ssl=1,2024-07-30T23:37:16Z,"In today’s massive new episode of Quick Charge, Tesla issues a massive 1.8 million EV recall to keep their hoods from flying open, Liebherr puts out a massive, 264-ton electric haul truck, and a mass… [+870 chars]"
"{'id': None, 'name': 'UPROXX'}",Flisadam,"Polo G’s Long-Awaited Album, ‘Hood Poet,’ Finally Has An Official Release Date After Nearly A Year Of Delays","Getty Image

The wait is almost over.",https://uproxx.com/music/polo-g-hood-poet-release-date-announcement/,https://uproxx.com/wp-content/uploads/2023/02/polo-g-GRID.jpg?w=710,2024-07-30T23:29:24Z,"Unfortunately, due to ongoing legal woes, Polo G hasn’t been able to fulfill a promise him made to fans back in August 2023. Well, that’s until now. After several unforeseen delays, the “Sorrys &amp;… [+1164 chars]"
"{'id': None, 'name': 'iMore'}",heyimjoew@gmail.com (Joe Wituschek),Apple has found another supplier to make displays for the iPhone SE 4,LG Display will be Apple's secondary display supplier for the iPhone SE 4.,https://www.imore.com/iphone/apple-has-found-another-supplier-to-make-displays-for-the-iphone-se-4,https://cdn.mos.cms.futurecdn.net/6y9C3SUNfBQ8pKw45rFuoi-1200-80.png,2024-07-30T23:28:02Z,The rumors of the iPhone SE 4 continue to swirl and the latest information makes it seem like Apple is expecting enough demand for the low-cost model that it's bringing in more than one display suppl… [+1832 chars]
"{'id': None, 'name': 'Investing.com'}",Investing.com,Earnings call: NexPoint Residential revealed a net income of $10.6 million,Earnings call: NexPoint Residential revealed a net income of $10.6 million,https://www.investing.com/news/stock-market-news/earnings-call-nexpoint-residential-revealed-a-net-income-of-106-million-93CH-3544898,https://i-invdn-com.investing.com/news/LYNXNPEC3B0CQ_L.jpg,2024-07-30T23:21:37Z,"NexPoint Residential Trust, Inc. (NYSE:NXRT) has announced its financial results for the second quarter of 2024, revealing a net income of $10.6 million, or $0.40 per diluted share, on total revenue … [+23809 chars]"
"{'id': None, 'name': 'GameSpot'}",Steven Petite,"Apple AirPods Back On Sale At Amazon For Only $70, But Probably Not For Long","Apple AirPods are back on sale for only $70 at Amazon and Best Buy, which matches the best price offered during Prime Day 2024 earlier this month. Normally $129, this deal knocks $59 off the price of the second-generation AirPods. Best Buy listed the deal fir…",https://www.gamespot.com/articles/apple-airpods-back-on-sale-at-amazon-for-only-70-but-probably-not-for-long/1100-6519008/,https://www.gamespot.com/a/uploads/screen_kubrick/1601/16018044/4218210-airpods.jpg,2024-07-30T23:19:00Z,"Apple AirPods are back on sale for only $70 at Amazon and Best Buy, which matches the best price offered during Prime Day 2024 earlier this month. Normally $129, this deal knocks $59 off the price of… [+2008 chars]"
"{'id': None, 'name': 'Crikey'}",Christopher Warren,Watch Hong Kong (not Reno) to understand what News Corp is really up to,"News Corp's Wall Street Journal has sacked a reporter who was elected head of the Hong Kong Journalists Association. In doing so, the company has shown once and for all just which side it's on.
The post Watch Hong Kong (not Reno) to understand what News Corp …",https://www.crikey.com.au/2024/07/31/news-corp-lachlan-james-hong-kong/,https://www.crikey.com.au/wp-content/uploads/2024/07/20240717122902862204-original.jpg?quality=70,2024-07-30T23:11:53Z,"Murdoch watchers have had their gaze wrenched towards the home of the controlling family trust in Reno, Nevada this past week. But Australians would get a better sense of just how the familys media c… [+5387 chars]"
"{'id': None, 'name': 'CNBC'}",,"Tech stocks on the decline are still winning companies, Jim Cramer says","Even though many megacap tech stocks continue to nose dive, CNBC's Jim Cramer on Tuesday told investors not to forget they are still solid companies.",https://www.cnbc.com/2024/07/30/tech-stocks-on-the-decline-are-still-winning-companies-jim-cramer-says-.html,https://image.cnbcfm.com/api/v1/image/105815782-1553705764797cramer.jpg?v=1553705790&w=1920&h=1080,2024-07-30T23:07:38Z,"Even though many megacap tech stocks continue to nose dive, CNBC's Jim Cramer on Tuesday told investors not to forget they are still solid companies.
""It's so easy to just dump all of the great grow… [+2228 chars]"
"{'id': None, 'name': 'Dealcatcher.com'}",,Best Buy - Apple 11-Inch iPad Pro (4th Generation) M2 chip Wi-Fi + Cellular - 1TB $1099,"Get this Apple 11-Inch iPad Pro (4th Generation) M2 chip Wi-Fi  or more Cellular - 1TB  for $1,099 after instant discount with no coupon. Free shipping.",https://www.dealcatcher.com/?offer=998271554,"https://www.dealcatcher.com/__og-image__/image/og.png?_query=%7B%22offer%22:%22998271554%22,%22utm_source%22:%22rss%22%7D",2024-07-30T23:06:55Z,"Score deals on your favorite skincare, personal care, and wellness products from top retailers including Walgreens, Rite-Aid, Walmart, Target &amp; More. From everyday essentials to vitamins &amp; sp… [+74 chars]"
"{'id': None, 'name': 'Cartoon Brew'}",Amid Amidi,Netflix Releases Teaser Trailer For Skydance Animation’s ‘Spellbound’,"The film will launch on the streamer November 22, 2024.",https://www.cartoonbrew.com/feature-film/netflix-releases-teaser-for-skydance-animations-spellbound-242119.html,https://www.cartoonbrew.com/wp-content/uploads/2024/07/spellbound_teaser.jpg,2024-07-30T23:06:31Z,"Netflix has released the first teaser trailer for Spellbound, the new animated feature from Skydance Animation and director Vicky Jenson (Shrek, Shark Tale). The film is set to release on the streame… [+1606 chars]"
"{'id': None, 'name': 'New York Post'}",Aneeta Bhole,NYC Mayor Eric Adams hosts conference to combat unprecedented levels of hate crimes in Big Apple,"Mayor Eric Adams hosted a conference for government and non-government officials at his Manhattan home to develop and implement a city wide campaign to ""abate hate"" in the Big Apple.",https://nypost.com/2024/07/30/us-news/nyc-mayor-eric-adams-hosts-conference-to-combat-unprecedented-levels-of-hate-crimes-in-big-apple/,https://nypost.com/wp-content/uploads/sites/2/2024/07/86490318.jpg?quality=75&strip=all&w=1024,2024-07-30T23:04:29Z,"Mayor Eric Adams warned against “pervasive” and “normalized” hate infecting the Big Apple at a community summit held Tuesday to combat hate crimes — which soared a disturbing 68% last month.
You’re … [+3991 chars]"
"{'id': None, 'name': 'Forbes'}","Michael Van Runkle, Contributor, 
 Michael Van Runkle, Contributor
 https://www.forbes.com/sites/michaelvanrunkle/","Test-Driving The 2024 Lucid Air Sapphire, The World’s Quickest Sedan","The Lucid Air Sapphire adds an additional electric motor to bring total output up to 1,234 horsepower, allowing for a sprint to 60 mph in as little as 1.89 seconds.",https://www.forbes.com/sites/michaelvanrunkle/2024/07/30/test-driving-the-2024-lucid-air-sapphire-the-worlds-quickest-sedan/,https://imageio.forbes.com/specials-images/imageserve/66a969de5e598416cddfa290/0x0.jpg?format=jpg&height=900&width=1600&fit=bounds,2024-07-30T23:04:26Z,"For model year 2024, Lucid Motors unveiled a new tri-motor Sapphire package for the world-beating ... [+] Air EV.
Michael Teo Van Runkle
A recent announcement by Lucid Motors touted the Air sedan a… [+5983 chars]"
"{'id': None, 'name': 'CNBC'}",,Podcast: Samsung bets on the Galaxy Ring and AI as its next big thing,"Samsung this month released the $399 Ring, the South Korean tech giant's first foray into smart rings.",https://www.cnbc.com/2024/07/31/podcast-samsung-bets-on-the-galaxy-ring-and-ai-as-its-next-big-thing.html,https://image.cnbcfm.com/api/v1/image/108002696-1720455696763-Samsung_Galaxy_Ring.jpg?v=1720455946&w=1920&h=1080,2024-07-30T23:03:28Z,"Samsung in July released the Galaxy Ring, the South Korean tech giant's first foray into smart rings.
The $399.99 device has sensors that can track various health metrics like sleep quality, linking… [+38171 chars]"
"{'id': None, 'name': '9to5Mac'}",Filipe Espósito,PSA: Apple Intelligence may not work when running macOS 15.1 beta on an external drive,"We finally have a preview of the Apple Intelligence features with iOS 18.1 and macOS 15.1 beta, which were released to developers yesterday. As we dig into what’s new in the betas, some Mac users have noticed that it may not be possible to use Apple Intellige…",https://9to5mac.com/2024/07/30/apple-intelligence-macos-external-drive/,https://i0.wp.com/9to5mac.com/wp-content/uploads/sites/6/2024/07/apple-intelligence_33d1ce.jpg?resize=1200%2C628&quality=82&strip=all&ssl=1,2024-07-30T23:03:05Z,"We finally have a preview of the Apple Intelligence features with iOS 18.1 and macOS 15.1 beta, which were released to developers yesterday. As we dig into what’s new in the betas, some Mac users hav… [+1932 chars]"
"{'id': None, 'name': 'Deadline'}",Max Goldbart,Streamer Revenue Soars Once Again In UK As Amazon’s Prime Video Tops $1.3B For First Time – Ofcom Report,"Streamer revenue soared again in the UK last year, with Prime Video generating more than £1B ($1.28B) for the first time, according to Ofcom’s Media Nation’s Report, but commercial nets saw turnover tumble to a four-year low. Combined revenue for the deep-poc…",http://deadline.com/2024/07/streamer-revenue-amazon-prime-video-soar-ofcom-media-nations-1236026333/,https://deadline.com/wp-content/uploads/2024/05/jeremy-clarkson-kaleb-cooper-clarksons-farm-3-1616841-e1715358698579.jpg?w=1024,2024-07-30T23:01:00Z,"Streamer revenue soared again in the UK last year, with Prime Video generating more than £1B ($1.28B) for the first time, according to Ofcom‘s Media Nation’s Report, but commercial nets saw turnover … [+4745 chars]"
"{'id': None, 'name': 'IndieWire'}",Samantha Bergeson,‘Slingshot’ Trailer: Casey Affleck and Laurence Fishburne Lose Their Minds in Space,"""1408"" director Mikael Häfström helms the psychological thriller about two astronauts.",https://www.indiewire.com/news/trailers/slingshot-trailer-casey-affleck-laurence-fishburne-1235031045/,https://www.indiewire.com/wp-content/uploads/2024/07/SLINGSHOT-Key-Still.jpg?w=650,2024-07-30T23:00:00Z,"Casey Affleck and Laurence Fishburne are traveling into another realm for psychological thriller “Slingshot.” 
The film centers on an elite trio of astronauts who board a years-long, possibly compro… [+2293 chars]"
"{'id': None, 'name': 'Royal Society of Chemistry'}","Huda Salem AlSalem, Sara Naif Alharbi, Soha Talal Al-Goul, Noha S. Katamesh, Mohamed A. Abdel-Lateef","A sustainable methodology employing the extract of red dragon fruit peel as a fluorescence probe for detection of indigo carmine (E132) in food samples: evaluation of the method's greenness, whiteness, and blueness","RSC Adv., 2024, 14,24010-24018DOI: 10.1039/D4RA02613F, Paper Open Access &nbsp This article is licensed under a Creative Commons Attribution-NonCommercial 3.0 Unported Licence.Huda Salem AlSalem, Sara Naif Alharbi, Soha Talal Al-Goul, Noha S. Katamesh, Mohame…",https://pubs.rsc.org/en/content/articlelanding/2024/ra/d4ra02613f,https://pubs.rsc.org/en/Content/Image/GA/D4RA02613F,2024-07-30T23:00:00Z,"Indigo carmine dye is one of the most widely used dyes in various fields. In this study, the ethanolic extract of red dragon fruit peel (Ex-RDFP) was employed as a green fluorescence probe for measur… [+1948 chars]"
"{'id': None, 'name': 'Excite.co.jp'}",MAC お宝鑑定団 blog（羅針盤）,Apple、Apple Intelligenceの基盤システムを解説した「Apple Intelligence Foundation Language Models」を公開,AppleIntelligenceFoundationLanguageModelsAppleのMachineLearningResearchが、[AppleIntelligence](https://...,https://www.excite.co.jp/news/article/Macotakara_macotakara_47235/,https://s.eximg.jp/exnews/feed/Macotakara/44/Macotakara_macotakara_47235/Macotakara_macotakara_47235_1.png,2024-07-30T22:57:00Z,"Apple Intelligence Foundation Language Models
AppleMachine Learning Research[Apple Intelligence](https://www.apple.com/jp/apple-intelligence/)30Private Cloud Compute[Apple Intelligence Foundation La… [+368 chars]"
"{'id': None, 'name': 'Mactrast.com'}",Chris Hauk,Apple Used Google Tensor Processing Units to Develop Apple Intelligence,Apple constructed two critical components of Apple Intelligence using Google's Tensor Processing Units (TPUs) instead of Nvidia's widely-used graphics processing units (GPUs).Read More...,https://www.mactrast.com/2024/07/apple-used-google-tensor-processing-units-to-develop-apple-intelligence/,https://www.mactrast.com/wp-content/uploads/2024/06/Apple-WWDC24-Apple-Intelligence.jpg,2024-07-30T22:55:11Z,Apple constructed two critical components of Apple Intelligence using Google’s Tensor Processing Units (TPUs) instead of Nvidia’s widely-used graphics processing units (GPUs). Apple highlights its re… [+1934 chars]
"{'id': None, 'name': 'Slashdot.org'}",feedfeeder,This is the new Siri with Apple Intelligence in iOS 18.1 beta 1 - 9to5Mac,This is the new Siri with Apple Intelligence in iOS 18.1 beta 19to5Mac Apple’s Next Major Upgrade Will Weaken The New iPhone 16Forbes Apple releases first preview of its long-awaited iPhone AICNBC Apple Intelligence: Here’s When the New AI Features Come to th…,https://slashdot.org/firehose.pl?op=view&amp;id=174632932,,2024-07-30T22:53:08Z,The Fine Print: The following comments are owned by whoever posted them. We are not responsible for them in any way.
"{'id': None, 'name': 'Yahoo Entertainment'}",Rob Verdonck and Rita Nazareth,Japan Stocks Set to Drop Ahead of BOJ Decision: Markets Wrap,(Bloomberg) -- Stocks in Japan are set to decline as the nation’s central bank kicks off a closely watched series of global policy meetings. The world’s...,https://finance.yahoo.com/news/japan-stocks-set-drop-ahead-224439598.html,https://s.yimg.com/ny/api/res/1.2/j7TA4lloyKdfL6tKvBtm_w--/YXBwaWQ9aGlnaGxhbmRlcjt3PTEyMDA7aD03MDc-/https://media.zenfs.com/en/bloomberg_technology_68/c519fe8379129410e195d04fb76b900a,2024-07-30T22:44:39Z,(Bloomberg) -- Stocks in Japan are set to decline as the nations central bank kicks off a closely watched series of global policy meetings. The worlds largest technology companies extended losses in … [+5205 chars]
"{'id': None, 'name': 'Theeconomiccollapseblog.com'}",Michael,5 Reasons Why You Should Be Prepping Like Crazy Right Now,"A lot of people seem to think that the summer of 2024 is a time to party, but the truth is that this is a time when they should be feverishly preparing for the extremely chaotic times that are ahead of us.  I just don’t know what it is going to take for peopl…",http://theeconomiccollapseblog.com/5-reasons-why-you-should-be-prepping-like-crazy-right-now/,http://theeconomiccollapseblog.com/wp-content/uploads/2024/07/Doomsday-Clock-2024-Pixabay.jpg,2024-07-30T22:40:33Z,"A lot of people seem to think that the summer of 2024 is a time to party, but the truth is that this is a time when they should be feverishly preparing for the extremely chaotic times that are ahead … [+7814 chars]"
"{'id': None, 'name': 'iMore'}",heyimjoew@gmail.com (Joe Wituschek),Emergency SOS via Satellite is now available for iPhone users in Japan,"Emergency SOS via Satellite is now available for the iPhone 14 and iPhone 15 in Japan, expanding the safety feature to another country.",https://www.imore.com/iphone/emergency-sos-via-satellite-is-now-available-for-iphone-users-in-japan,https://cdn.mos.cms.futurecdn.net/kLqgH94v6TdzTCr8APUmLU-1200-80.png,2024-07-30T22:39:36Z,"The iPhone continues to add safety features to make the device even more indispensable than it already was. Arguably the best of those features has expanded to another country.
In a press release, A… [+2089 chars]"
"{'id': None, 'name': 'ZDNet'}",Artie Beaty,"Apple Vision Pro can be controlled by thoughts now, thanks to BCI integration",The integration of brain-computer interface tech with VR headsets could help meet 'a critical unmet need for millions of people'.,https://www.zdnet.com/article/apple-vision-pro-can-be-controlled-by-thoughts-now-thanks-to-bci-integration/,https://www.zdnet.com/a/img/resize/73bc5cd16c2148a24fd6058914f045660ed0f890/2024/07/30/df9eeac3-9389-440c-a725-13e94ae4bc6b/visionproimplant.jpg?auto=webp&fit=crop&height=675&width=1200,2024-07-30T22:38:18Z,"Synchron
In big news for accessibility, Synchron has announced that it has successfully connected its brain implant to the Apple Vision Pro headset. This means that people with limited physical move… [+1978 chars]"
"{'id': None, 'name': 'CBS Sports'}",Scott White,Fantasy Baseball Trade Deadline Tracker: Jack Flaherty gets bump with Dodgers; Eloy Jimenez gets second life,"Deadline day belonged to the Marlins, who collected a whole stable of prospects",https://www.cbssports.com/fantasy/baseball/news/fantasy-baseball-trade-deadline-tracker-jack-flaherty-gets-bump-with-dodgers-eloy-jimenez-gets-second-life/,https://sportshub.cbsistatic.com/i/r/2024/07/30/fb633090-d431-4c24-9d62-444f00b975eb/thumbnail/1200x675/be1ae482bd8fc6a03eb2401573f0acfc/jack-flaherty.jpg,2024-07-30T22:34:03Z,"The trade deadline has come and gone, and if you weren't keeping tabs on it, you missed a lot.
Fortunately, there's the Trade Deadline Tracker to sum it all up for you. Here, you'll find quick-hitti… [+33138 chars]"
"{'id': 'usa-today', 'name': 'USA Today'}",Danny Segura,Video: Has Tom Aspinall surpassed Jon Jones as UFC's best heavyweight?,"Has Tom Aspinall topped Jon Jones as the best heavyweight in MMA today? We discuss on ""Spinning Back Clique.""",https://mmajunkie.usatoday.com/2024/07/ufc-304-video-tom-aspinall-jon-jones-heavyweight-ranking-best,https://mmajunkie.usatoday.com/wp-content/uploads/sites/91/2024/07/SBC-Aspinall-site.jpg?w=1024&h=576&crop=1,2024-07-30T22:30:25Z,"Who is the best heavyweight in the UFC? That’s usually an easy answer: The champion. However, the UFC currently has two Jon Jones, and interim titleholder Tom Aspinall.
Former multi-time light heavy… [+1456 chars]"
"{'id': None, 'name': 'Rlsbb.cc'}","saamaan1@yahoo.com (Master), Master",Our Great Yorkshire Life S03E06 HDTV x264-NGP,"Season 3, Episode 06 – Emmerdale actor Dean Andrews takes Lancastrian co-star pal Liam Fox to the Dales to find out how the world-famous Wensleydale cheese is made. Trevor Sharples, proud custodian of Dales cheesemaking, invites them behind the scenes where m…",https://rlsbb.cc/our-great-yorkshire-life-s03e06-hdtv-x264-ngp/,,2024-07-30T22:25:25Z,"Season 3, Episode 06 Emmerdale actor Dean Andrews takes Lancastrian co-star pal Liam Fox to the Dales to find out how the world-famous Wensleydale cheese is made. Trevor Sharples, proud custodian of … [+1567 chars]"
"{'id': None, 'name': 'Benzinga'}",Anusuya Lahiri,"Affirm's Growth Boosted by Apple and Amazon Partnerships, Lower Interest Rates: Analyst","AFRM shares rise after BofA Securities upgrades to Buy with $36 PT. Kupferberg expects GAAP profitability sooner, strong Q4 and 2025 forecast.",https://www.benzinga.com/fintech/24/07/40050907/affirms-growth-boosted-by-apple-and-amazon-partnerships-lower-interest-rates-analyst,https://cdn.benzinga.com/files/images/story/2024/07/30/Affirm-Card.png?width=1200&height=800&fit=crop,2024-07-30T22:21:53Z,"Affirm Holdings IncAFRM stock gained after B of A Securities analyst Jason Kupferberg upgraded the stockfrom Neutral to Buy with a price target of $36.
Kupferberg noted GAAP profitability may be clo… [+2248 chars]"
"{'id': None, 'name': 'Stockcharts.com'}",Jayanthi Gopalakrishnan,"Big Tech Earnings, Fed Meeting, Jobs Report: Will They Add More Pressure to the Stock Market?","Last week, there was a noticeable change in investor sentiment. We have so much data coming out this week, and much will rest on how the trading week ends. The S&P 500 index ($SPX) broke the uptrend, and on Tuesday, it closed at the 50-day simple moving avera…",https://stockcharts.com/articles/chartwatchers/2024/07/big-tech-earnings-fed-meeting-913.html,https://stockcharts.com/img/articles/2024/07/30/245e5683-c585-4ed9-9c0f-dbe8559596e2.jpg,2024-07-30T22:18:07Z,"<ul><li>Investor sentiment has turned more bearish with a continuation of a selloff in big tech stocks.</li><li>More earnings, an FOMC meeting, and jobs report are adding to investor uncertainty.</li… [+3721 chars]"
"{'id': None, 'name': 'Ozbargain.com.au'}",rith,3 Months Free Apple TV+ with New Twitch Sub @ Twitch,"Subscribe or gift at least one sub to any streamer from July 30 at 12PM PT until August 19 at 12PM PT, and you’ll receive three free months of Apple TV+.

How it works

To receive 3 months of Apple TV+, eligible users can purchase any eligible new subs or gif…",https://www.ozbargain.com.au/node/859417,https://files.ozbargain.com.au/n/17/859417x.jpg?h=3e793abd,2024-07-30T22:16:05Z,"Subscribe or gift at least one sub to any streamer from July 30 at 12PM PT until August 19 at 12PM PT, and youll receive three free months of Apple TV+.
How it works
To receive 3 months of Apple TV… [+574 chars]"
"{'id': None, 'name': 'Dealcatcher.com'}",,"Amazon - Apple iPad Magic Keyboard MJQL3LL/A for 12.9"" iPad Pro - White (Open Box) $134.95","Save 58% on this Apple iPad Magic Keyboard MJQL3LL/A for 12.9"" iPad Pro - White (Open Box) today at Amazon. Free shipping.<br /><br /><strong>More Ways to Save at Amazon:</strong><ul><li>Don't already have Amazon Prime? <a rel=""nofollow"" href=""https://amzn.to…",https://www.dealcatcher.com/?offer=998271532,"https://www.dealcatcher.com/__og-image__/image/og.png?_query=%7B%22offer%22:%22998271532%22,%22utm_source%22:%22rss%22%7D",2024-07-30T22:16:04Z,"Score deals on your favorite skincare, personal care, and wellness products from top retailers including Walgreens, Rite-Aid, Walmart, Target &amp; More. From everyday essentials to vitamins &amp; sp… [+74 chars]"
"{'id': None, 'name': 'Biztoc.com'}",go.theregister.com,No love lost between Apple and Nvidia as iGiant chooses Google chips for AI training,"Things are getting Tensor between Cupertino and Nv
Apple has detailed in a research paper how it trained its latest generative AI models using Google's neural-network accelerators rather than, say, more fashionable Nvidia hardware.…",https://biztoc.com/x/f2677e8dfbe90e22,https://biztoc.com/cdn/800/og.png,2024-07-30T22:12:13Z,"Things are getting Tensor between Cupertino and NvApple has detailed in a research paper how it trained its latest generative AI models using Google's neural-network accelerators rather than, say, mo… [+86 chars]"
"{'id': None, 'name': 'Rlsbb.ru'}",Robotnico,Our Great Yorkshire Life S03E06 HDTV x264-NGP,"Season 3, Episode 06 – Emmerdale actor Dean Andrews takes Lancastrian co-star pal Liam Fox to the Dales to find out how the world-famous Wensleydale cheese is made. Trevor Sharples, proud custodian of Dales cheesemaking, invites them behind the scenes where m…",https://rlsbb.ru/our-great-yorkshire-life-s03e06-hdtv-x264-ngp/,,2024-07-30T22:12:12Z,"Season 3, Episode 06 Emmerdale actor Dean Andrews takes Lancastrian co-star pal Liam Fox to the Dales to find out how the world-famous Wensleydale cheese is made. Trevor Sharples, proud custodian of … [+1567 chars]"
"{'id': None, 'name': 'CNA'}",,"Microsoft sinks, chipmakers climb as AI rally faces divide","Disappointing quarterly results from Microsoft melted $340 billion of stock market value on Tuesday from it and rival heavyweights racing to dominate artificial intelligence technology, while Nvidia and other AI chip sellers rallied after results from Advance…",https://www.channelnewsasia.com/business/microsoft-sinks-chipmakers-climb-ai-rally-faces-divide-4515441,"https://onecms-res.cloudinary.com/image/upload/s--8VIFBMTe--/fl_relative,g_south_east,l_mediacorp:cna:watermark:2024-04:reuters_1,w_0.1/f_auto,q_auto/c_fill,g_auto,h_676,w_1200/v1/one-cms/core/2024-07-30t221149z_1_lynxmpek6t14q_rtroptp_3_usa-stocks-volatility.jpg?itok=zd0OSiRK",2024-07-30T22:11:49Z,"Disappointing quarterly results from Microsoft melted $340 billion of stock market value on Tuesday from it and rival heavyweights racing to dominate artificial intelligence technology, while Nvidia … [+2756 chars]"
"{'id': None, 'name': 'Yahoo Entertainment'}",Noel Randewich and Anna Tong,"Microsoft sinks, chipmakers climb as AI rally faces divide",Disappointing quarterly results from Microsoft melted $340 billion of stock market value on Tuesday from it and rival heavyweights racing to dominate...,https://finance.yahoo.com/news/microsoft-sinks-chipmakers-climb-ai-221149862.html,https://media.zenfs.com/en/reuters-finance.com/454527e5d33a96f589580ebb67862a66,2024-07-30T22:11:49Z,"By Noel Randewich and Anna Tong
(Reuters) - Disappointing quarterly results from Microsoft melted $340 billion of stock market value on Tuesday from it and rival heavyweights racing to dominate arti… [+2876 chars]"
"{'id': None, 'name': 'Theregister.com'}",Matthew Connatser,No love lost between Apple and Nvidia as iGiant chooses Google chips for AI training,"Things are getting Tensor between Cupertino and Nv
Apple has detailed in a research paper how it trained its latest generative AI models using Google's neural-network accelerators rather than, say, more fashionable Nvidia hardware.…",https://www.theregister.com/2024/07/30/apple_google_tpu_ai/,https://regmedia.co.uk/2024/07/30/shutterstock_nvidia_jensen.jpg,2024-07-30T22:07:28Z,"Apple has detailed in a research paper how it trained its latest generative AI models using Google's neural-network accelerators rather than, say, more fashionable Nvidia hardware.
The paper [PDF], … [+3998 chars]"
"{'id': None, 'name': 'Idownloadblog.com'}",Cody Lee,I can’t believe you can get the Beats Studio Buds wireless earbuds on sale for just $70,"The headline may be a little cheesy, but the deal is for real. Right now, Woot is offering brand new pairs of Beats Studio Buds wireless earbuds for just $70. The only caveat is that they are shipped in generic bulk packaging, versus the graphics-laden retail…",https://www.idownloadblog.com/2024/07/30/beats-studio-buds-deal/,https://media.idownloadblog.com/wp-content/uploads/2024/07/woot-deal-on-beats-studio-buds.jpg,2024-07-30T22:07:24Z,"The headline may be a little cheesy, but the deal is for real. Right now, Woot is offering brand new pairs of Beats Studio Buds wireless earbuds for just $70. The only caveat is that they are shipped… [+1482 chars]"
"{'id': None, 'name': 'Macdailynews.com'}",MacDailyNews,Extended Apple Intelligence rollout means the payoff will slowly build,"The highly anticipated Apple Intelligence features, set to be a cornerstone feature of the Mac, iPhone, and iPad, will not be available at…
The post Extended Apple Intelligence rollout means the payoff will slowly build appeared first on MacDailyNews.",https://macdailynews.com/2024/07/30/extended-apple-intelligence-rollout-means-the-payoff-will-slowly-build/,https://149359564.v2.pressablecdn.com/wp-content/uploads/2024/06/240610_apple_intelligence.png,2024-07-30T22:04:36Z,"The highly anticipated Apple Intelligence features, set to be a cornerstone feature of the Mac, iPhone, and iPad, will not be available at the next-gen iPhones’ initial launch this September. Accordi… [+1761 chars]"
"{'id': None, 'name': 'MacRumors'}",Juli Clover,Epic Games CEO Tim Sweeney Calls Apple's Find My 'Super Creepy Surveillance Tech' That Shouldn't Exist,"Epic Games CEO Tim Sweeney today commented on Apple's Find My service, referring to it as ""super creepy surveillance tech"" that ""shouldn't exist.""





Sweeney went on to explain that several years ago, ""a kid"" stole a Mac laptop out of his car. Years later, …",https://www.macrumors.com/2024/07/30/tim-sweeney-find-my-creepy-surveillance-tech/,https://images.macrumors.com/t/U1VxY7K-0R6wawk2k9zEGqtLOzg=/2500x/article-new/2021/01/FindMy-Feature.jpg,2024-07-30T22:04:31Z,"Epic Games CEO Tim Sweeney today commented on Apple's Find My service, referring to it as ""super creepy surveillance tech"" that ""shouldn't exist.""
Sweeney went on to explain that several years ago, … [+1923 chars]"
"{'id': None, 'name': 'Android Police'}",Brian Barnes,TCL Tab 10 NXTPAPER 5G review: A delightful travel companion,TCL’s new NXTPAPER tablet has a nano-etched display that won’t drain your kids’ college funds,https://www.androidpolice.com/tcl-tab10-nxtpaper-5g-review/,https://static1.anpoimages.com/wordpress/wp-content/uploads/wm/2024/07/tcl-tab-10-nxtpaper-5g-with-plants-white-background.jpg,2024-07-30T22:01:12Z,"Traveling with technology is an Olympic sport for me. I need to ensure I have all the chargers ready, gear powered up, movies downloaded, books purchased, and music arranged before we set sail becaus… [+7505 chars]"
"{'id': None, 'name': 'Vox'}",Joshua Keating,Are we really in a “new Cold War” with China?,"If there’s one thing politicians in Washington can agree on these days, it’s that competition with China will be the defining issue in US foreign policy and defense for years to come. Even as conflicts in Ukraine and the Middle East rage, defense planners and…",https://www.vox.com/china/363849/us-china-new-cold-war-ambassador-nicholas-burns,https://platform.vox.com/wp-content/uploads/sites/2/2024/07/gettyimages-2149657643.jpg?quality=90&strip=all&crop=0%2C10.73699317688%2C100%2C78.52601364624&w=1200,2024-07-30T22:00:16Z,"If theres one thing politicians in Washington can agree on these days, its that competition with China will be the defining issue in US foreign policy and defense for years to come. Even as conflicts… [+16266 chars]"
"{'id': None, 'name': 'Digital Trends'}",Aaron Mamiit,Walmart cut $60 off the Apple Watch SE 2 price,"The GPS, 40mm model of the second-generation Apple Watch SE 2 is down to an even more affordable price of $189 from Walmart, but we're not sure for how long.",https://www.digitaltrends.com/mobile/apple-watch-se-2-gps-40mm-deal-walmart-july-2024/,https://www.digitaltrends.com/wp-content/uploads/2022/10/Apple-Watch-SE-2-App-Grid.jpg?resize=1200%2C630&p=1,2024-07-30T22:00:13Z,"Amazfit has certainly made a name for itself in the smartwatches and wearables market with its excellent selection of devices, including the Bip series of watches and the unique Helio smart ring. Whi… [+1009 chars]"
"{'id': None, 'name': 'Trendhunter.com'}",Laura McQuarrie,Sour Superfood Smoothies - Robeks' Limited-Time Smoothies are Nutrient-Dense and Taste Like Candy (TrendHunter.com),"(TrendHunter.com) To counteract the off-putting flavors of some superfoods, Robeks concocted two limited-time smoothies with sweet and sour blends to entice both health-conscious consumers and newcomers to healthier...",https://www.trendhunter.com/trends/limited-time-smoothies,https://cdn.trendhunterstatic.com/thumbs/541/limited-time-smoothies.jpeg?auto=webp,2024-07-30T22:00:03Z,"To counteract the off-putting flavors of some superfoods, Robeks concocted two limited-time smoothies with sweet and sour blends to entice both health-conscious consumers and newcomers to healthier f… [+759 chars]"
"{'id': None, 'name': 'Osxdaily.com'}",Paul Horowitz,"MacOS Ventura 13.6.8, MacOS Monterey 12.7.6, Safari 17.6 Released with Security Fixes",Apple has released MacOS Ventura 13.6.8 and MacOS Monterey 12.7.6 with important security fixes for Mac users who are running the Ventura and Monterey operating systems. These updates include the same relevant security patches that are available in Sonoma 14.…,https://osxdaily.com/2024/07/30/macos-ventura-13-6-8-macos-monterey-12-7-6-safari-17-6-released-with-security-fixes/,https://cdn.osxdaily.com/wp-content/uploads/2023/09/macos-ventura-and-monterey-update.jpg,2024-07-30T21:58:23Z,Apple has released MacOS Ventura 13.6.8 and MacOS Monterey 12.7.6 with important security fixes for Mac users who are running the Ventura and Monterey operating systems. These updates include the sam… [+2142 chars]
"{'id': None, 'name': 'Mactrast.com'}",Chris Hauk,LG Display to be Secondary Supplier of iPhone SE 4 OLED Display Panels,LG Display will be the secondary vendor for the OLED display panels that will be used in next year's fourth-generation iPhone SE.Read More...,https://www.mactrast.com/2024/07/lg-display-to-supply-some-iphone-se-4-oled-display-panels/,https://www.mactrast.com/wp-content/uploads/2022/10/iPhone_SE_4_Prosser.jpg,2024-07-30T21:57:56Z,"LG Display will be the secondary vendor for the OLED display panels that will be used in next year’s fourth-generation iPhone SE, according to a report by The Elec.
The iPhone SE 4 is expected to fe… [+1467 chars]"
"{'id': None, 'name': 'Vox'}",Eric Levitz,Would picking Josh Shapiro actually help Harris in Pennsylvania?,"Kamala Harris has reportedly narrowed her list of potential running mates down to three: Minnesota Gov. Tim Walz, Arizona Sen. Mark Kelly, and Pennsylvania Gov. Josh Shapiro. All these contenders have their upsides. Walz is a Midwestern veteran who plays a gr…",https://www.vox.com/politics/363899/kamala-harris-vp-pick-josh-shapiro-walz-kelly,https://platform.vox.com/wp-content/uploads/sites/2/2024/07/gettyimages-2163833330.jpg?quality=90&strip=all&crop=0%2C10.732984293194%2C100%2C78.534031413613&w=1200,2024-07-30T21:56:29Z,"Kamala Harris has reportedly narrowed her list of potential running mates down to three: Minnesota Gov. Tim Walz, Arizona Sen. Mark Kelly, and Pennsylvania Gov. Josh Shapiro.
All these contenders ha… [+12100 chars]"
"{'id': None, 'name': 'Slashdot.org'}",feedfeeder,"Apple stealthily adds minor features in iOS 17.6, macOS 14.6 releases",The M3 MacBook Pro now supports multiple external monitors.,https://slashdot.org/firehose.pl?op=view&amp;id=174632556,,2024-07-30T21:52:06Z,The Fine Print: The following comments are owned by whoever posted them. We are not responsible for them in any way.
"{'id': None, 'name': 'Digital Trends'}",John Alexander,"Walmart Back to School Sale — Save on laptops, tablets, more","The Walmart Back to School sale is live now. Try these Back to School Walmart deals for great tablets, dorm TVs, laptops, mini fridges, and more for your fall.",https://www.digitaltrends.com/computing/walmart-back-to-school-sale-july-2024/,https://www.digitaltrends.com/wp-content/uploads/2023/07/walmart-store-logo-night.jpg?resize=1200%2C630&p=1,2024-07-30T21:46:40Z,"When it comes to getting ready for school, people of all ages and school levels, from kindergarten to college, flock to Walmart for great deals. It’s a great place to stock up on paper, notebooks, pe… [+11020 chars]"
"{'id': None, 'name': 'Digital Trends'}",John Alexander,"Amazon Back to School Sale — Best deals on TVs, laptops, more","Back to School! Amazon, channeling that nervous energy we have to the next chapter of our schooling lives, has presented items on sale to help us get ready.",https://www.digitaltrends.com/computing/amazon-back-to-school-sale-july-2024/,https://www.digitaltrends.com/wp-content/uploads/2020/05/amazon-logo.jpg?resize=1200%2C630&p=1,2024-07-30T21:46:07Z,"If you’re getting ready to return to a classroom, have someone in your family that is, or just want some things at bargain prices, this sale is for you. Amazon, channeling that nervous energy we have… [+10613 chars]"
"{'id': None, 'name': 'Osxdaily.com'}",Paul Horowitz,MacOS Sonoma 14.6 Update Released with Bug Fixes & Security Updates,"Apple has released macOS Sonoma 14.6 for Mac users running the Sonoma operating system. The MacOS Sonoma 14.6 software update primarily focuses on bug fixes and security updates for most Macs, however it does include a nice new feature specifically for the 14…",https://osxdaily.com/2024/07/30/macos-sonoma-14-6-update-released-with-bug-fixes-security-updates/,https://cdn.osxdaily.com/wp-content/uploads/2024/07/macos-sonoma-14-6-update.jpg,2024-07-30T21:42:09Z,"Apple has released macOS Sonoma 14.6 for Mac users running the Sonoma operating system. 
The MacOS Sonoma 14.6 software update primarily focuses on bug fixes and security updates for most Macs, howe… [+2095 chars]"
"{'id': None, 'name': 'Forbes'}","Zak Doffman, Contributor, 
 Zak Doffman, Contributor
 https://www.forbes.com/sites/zakdoffman/","Google Confirms Play Store Update, App Deletion Starts In Just 5 Weeks","With mass app deletion just weeks away, another dangerous threat hits Play Store.",https://www.forbes.com/sites/zakdoffman/2024/07/30/new-google-play-store-update-for-samsung-pixel-android-in-5-weeks/,"https://imageio.forbes.com/specials-images/imageserve/914596234/0x0.jpg?format=jpg&crop=2455,1478,x274,y738,safe&height=900&width=1600&fit=bounds",2024-07-30T21:40:36Z,"Google Play makes another change with mass app deletion just 5 weeks away
NurPhoto via Getty Images
Updated July 30 with new Android 15 release speculation and an update from Samsung on the reporte… [+8343 chars]"
"{'id': None, 'name': 'MobileSyrup'}",Brad Bennett,Apple trained its AI on Google TPUs,"Apple Intelligence is out in Beta now, and it has become public knowledge that Apple didn’t use any Nvidia AI hardware to train its AI models. Instead, Apple used Google’s TPU chips. Apple published a new research paper outlining how it developed and uses its…",https://mobilesyrup.com/2024/07/30/apple-trained-its-ai-on-google-tpus/,https://cdn.mobilesyrup.com/wp-content/uploads/2024/07/DSCF5645-scaled.jpg,2024-07-30T21:40:35Z,"Apple Intelligence is out in Beta now, and it has become public knowledge that Apple didn’t use any Nvidia AI hardware to train its AI models. Instead, Apple used Google’s TPU chips.
Apple published… [+1250 chars]"
"{'id': None, 'name': 'Radaronline.com'}",Haley Gunn,Jennifer Lopez Embraces ‘Brat’ Summer — Singer Shares Makeup-Free Selfie After Husband Ben Affleck Buys $20M Bachelor Pad,Jennifer Lopez appeared to take notes from Charli XCX in a telling new selfie as divorce rumors from Ben Affleck rage on.,https://radaronline.com/p/jennifer-lopez-brat-summer-ben-affleck-divorce-rumors/,https://media.radaronline.com/brand-img/Zfb0a4PMo/1200x628/jennifer-lopez-brat-summer-1-1722374107238.png,2024-07-30T21:36:30Z,"Lopez, 55, took to Instagram to flaunt her natural beauty in a carefree selfie sans makeup. The actress smirked at the camera as she lounged in a cream colored graphic sweatshirt with her tousled bro… [+352 chars]"
"{'id': None, 'name': 'Phandroid - News for Android'}",Mike Viray,Get up to 30% OFF on the Roku Streaming Stick 4K!,"Get access to Roku's content library for less than usual price!
The post Get up to 30% OFF on the Roku Streaming Stick 4K! appeared first on Phandroid.",https://phandroid.com/2024/07/30/get-up-to-30-off-on-the-roku-streaming-stick-4k/,https://phandroid.com/wp-content/uploads/2024/06/roku-streaming-stick.png,2024-07-30T21:33:03Z,"For buyers after an affordable way to get streaming services on their TV without having to purchase an entirely separate smart TV, there are a number of plug-and-play streaming sticks available out t… [+656 chars]"
"{'id': None, 'name': 'CNET'}",Lisa Lacy,These 3 AI Tunes Captured Moments in My Life. It's Wild How Catchy They Are,Suno is an AI app that allows anyone to make music.,https://www.cnet.com/tech/services-and-software/these-3-ai-tunes-captured-moments-in-my-life-its-wild-how-catchy-they-are/,https://www.cnet.com/a/img/resize/d5a8402e127c049b4f1e8ff60cbd0c3f8dad7490/hub/2024/07/30/f7339854-3084-4f9c-92d9-11bfce7b734e/screenshot-2024-07-30-at-2-33-39pm.png?auto=webp&fit=crop&height=675&width=1200,2024-07-30T21:31:42Z,"I played the flute in elementary school and junior high, but I hated it and switched my elective to yearbook in high school.
In other words, my background in music is limited. And that makes me at l… [+4080 chars]"
"{'id': None, 'name': 'CBS Sports'}",Scott White,"Fantasy Baseball Trade Deadline Tracker: Busy Marlins deal Tanner Scott, Trevor Rogers for stable of prospects",A convenient repository for quick-hitting analysis on the trades that matter most,https://www.cbssports.com/fantasy/baseball/news/fantasy-baseball-trade-deadline-tracker-busy-marlins-deal-tanner-scott-trevor-rogers-for-stable-of-prospects/,https://sportshub.cbsistatic.com/i/r/2024/07/30/10d05c7d-0c5f-451a-a48d-93e73a97d73b/thumbnail/1200x675/052a8f547485bc8fe1ccc1a46d46fab1/connor-norby-baltimore-orioles-usatsi.jpg,2024-07-30T21:28:45Z,"The trade deadline is Tuesday at 6 p.m. ET, and the moves are coming in fast.
One of the latest is a wild three-team trade sending Tommy Edman and Michael Kopech to the Dodgers, Erick Fedde and Tomm… [+28325 chars]"
"{'id': None, 'name': 'Vox'}",Abdallah Fayyad,"Ruthless “cop” or “soft on crime”? Kamala Harris’s record as prosecutor, explained.","When Kamala Harris ran for president in 2020, her critics from the left argued that her record as a prosecutor was out of line with where the Democratic Party should be headed, especially after movements like Black Lives Matter turned the country’s attention …",https://www.vox.com/today-explained-newsletter/363859/kamala-harris-prosecutor-record-tough-crime,https://platform.vox.com/wp-content/uploads/sites/2/2024/07/gettyimages-1083155548.jpg?quality=90&strip=all&crop=0%2C10.732984293194%2C100%2C78.534031413613&w=1200,2024-07-30T21:22:31Z,"When Kamala Harris ran for president in 2020, her critics from the left argued that her record as a prosecutor was out of line with where the Democratic Party should be headed, especially after movem… [+6789 chars]"
"{'id': None, 'name': 'CNET'}",Gael Cooper,AI-Powered Necklace Will Be Your Friend for $99,"Friend is a pendant that will talk to you via text, not voice, when you're lonely, or just any time you want conversation.",https://www.cnet.com/tech/services-and-software/ai-powered-necklace-will-be-your-friend-for-99/,https://www.cnet.com/a/img/resize/a940a4f05eb9e4d20a5a3ef3d238fe5d006fc2a5/hub/2024/07/30/a0a1c177-fc6f-4a5f-b619-acc35228df34/friend-ai-device.png?auto=webp&fit=crop&height=675&width=1200,2024-07-30T21:22:02Z,"Do you ever find yourself speaking to Alexa or Siri just to have someone to talk to? Then you might be the right audience for an upcoming AI-powered necklace called friend (lowercase ""F"" is their sty… [+3948 chars]"
"{'id': None, 'name': 'Electrek'}",Peter Johnson,"Chevy’s Bolt EV is still a steal with used models selling for under $10,000","The Chevy Bolt EV is still one of the most affordable ways to drive an electric car in the US. Even though it’s discontinued, used Chevy Bolt EV models are selling for under $10,000.



 more…",http://electrek.co/2024/07/30/chevy-bolt-ev-steal-used-models-under-10000/,https://i0.wp.com/electrek.co/wp-content/uploads/sites/3/2024/05/Chevy-Malibu-Bolt-EV-1.jpeg?resize=1200%2C628&quality=82&strip=all&ssl=1,2024-07-30T21:20:29Z,"The Chevy Bolt EV is still one of the most affordable ways to drive an electric car in the US. Even though it’s discontinued, used Chevy Bolt EV models are selling for under $10,000.
After launching… [+2158 chars]"
"{'id': None, 'name': 'NPR'}",NPR,A childhood friend paints a picture of Kamala Harris' upbringing,"In her childhood in Berkeley, Calif., you can find the seeds of the political leader that Vice President Kamala Harris grew up to become.<br><br>Her childhood friend Carole Porter, who lived a few houses away, paints a picture of a working-class, multicultura…",https://www.npr.org/2024/07/30/1198912981/kamala-harris-childhood-friend-carole-porter,https://media.npr.org/include/images/facebook-default-wide-s1400-c100.jpg,2024-07-30T21:17:31Z,"One of the strongest moments during Kamala Harris' last campaign for president was when she described this experience from her childhood:
""There was a little girl in California who was part of the s… [+3646 chars]"
"{'id': None, 'name': 'Crypto Briefing'}",Gino Matos,Cardano’s Hoskinson: DeFi ecosystem just moving water in bathtub,"Cardano's focus on long-term stability and compliance may position it as a more reliable choice for future blockchain adoption by major entities.
The post Cardano’s Hoskinson: DeFi ecosystem just moving water in bathtub appeared first on Crypto Briefing.",https://cryptobriefing.com/cardano-defi-strategy-hoskinson/,https://static.cryptobriefing.com/wp-content/uploads/2024/07/30171620/img-4CwwsaBLsm8dF5oAqhMQuq2P-800x457.jpg,2024-07-30T21:17:17Z,"Key Takeaways
<ul><li>Cardano prioritizes long-term value and reliability over rapid user acquisition in DeFi.</li><li>Hoskinson believes future blockchain adoption will be driven by governments and… [+5399 chars]"
"{'id': None, 'name': 'Vox'}",Li Zhou,Wildfires will put even more pressure on the country’s housing crisis,"The Park Fire, a wildfire in Northern California spanning over 370,000 acres, has rapidly become the fifth largest in the state’s history, prompting evacuations in four counties.  The fire, which officials say was started by arson, has grown in the past week …",https://www.vox.com/climate/363880/park-fire-california-evacuations-housing-crisis,https://platform.vox.com/wp-content/uploads/sites/2/2024/07/gettyimages-2163680097.jpg?quality=90&strip=all&crop=0%2C10.740836125969%2C100%2C78.518327748063&w=1200,2024-07-30T21:15:01Z,"The Park Fire, a wildfire in Northern California spanning over 370,000 acres, has rapidly become the fifth largest in the states history, prompting evacuations in four counties. 
The fire, which off… [+8065 chars]"
"{'id': None, 'name': 'Slashdot.org'}",feedfeeder,"Apple stealthily adds minor features in iOS 17.6, macOS 14.6 releases - Ars Technica","Apple stealthily adds minor features in iOS 17.6, macOS 14.6 releasesArs Technica View Full Coverage on Google News ...",https://slashdot.org/firehose.pl?op=view&amp;id=174632306,,2024-07-30T21:13:17Z,The Fine Print: The following comments are owned by whoever posted them. We are not responsible for them in any way.
"{'id': None, 'name': 'New York Post'}",P.J. McCormick,Score the 9th Generation Apple iPad for under $250 on Amazon,How about these Apples?,https://nypost.com/2024/07/30/shopping/apple-ipad-9th-generation-is-24-off-on-amazon/,https://nypost.com/wp-content/uploads/sites/2/2024/07/newipafeat.jpg?quality=75&strip=all&w=1024,2024-07-30T21:12:35Z,"New York Post may be compensated and/or receive an affiliate commission if you buy through our links.
Its no use pretending otherwise: you interact with a lot of screens throughout your day.
If you… [+1926 chars]"
"{'id': None, 'name': 'Securityaffairs.com'}",Pierluigi Paganini,CISA adds VMware ESXi bug to its Known Exploited Vulnerabilities catalog,"U.S. Cybersecurity and Infrastructure Security Agency (CISA) adds a VMware ESXi bug to its Known Exploited Vulnerabilities catalog. The U.S. Cybersecurity and Infrastructure Security Agency (CISA) added an authentication bypass VMware ESXi vulnerability, trac…",https://securityaffairs.com/166362/security/cisa-vmware-esxi-bug-known-exploited-vulnerabilities-catalog.html,https://securityaffairs.com/wp-content/uploads/2020/07/CISA.jpeg,2024-07-30T21:08:27Z,"CISA adds VMware ESXi bug to its Known Exploited Vulnerabilities catalog
 | Mandrake Android spyware found in five apps in Google Play with over 32,000 downloads since 2022
 | SideWinder phishing c… [+87656 chars]"
"{'id': None, 'name': 'New York Post'}","Nicole Rosenthal, Craig McCarthy","NYC lifeguard hours extended during heat waves, swimming hours unchanged after 6 drownings off Big Apple beaches: Mayor","A “skeleton crew” of lifeguards will be on the clock longer during heat waves, Mayor Eric Adams announced Tuesday – even though swimming hours at city beaches haven’t budged. Roughly 66 lifeguards will be on call for emergencies until 8 p.m. during heat waves…",https://nypost.com/2024/07/30/us-news/nyc-lifeguard-hours-extended-during-heat-waves-swimming-hours-unchanged-after-6-drownings-off-big-apple-beaches-mayor/,https://nypost.com/wp-content/uploads/sites/2/2024/07/219456641_June-16-2022-Coney-Island-Beach-lifeguards.jpg?quality=75&strip=all&w=1024,2024-07-30T21:06:50Z,"A skeleton crew of lifeguards will be on the clock longer during heat waves, Mayor Eric Adams announced Tuesday but there are no plans to extend swimming hours at city beaches.
Roughly 66 lifeguards… [+4563 chars]"
"{'id': None, 'name': 'New York Post'}",Craig McCarthy,NYC Mayor Adams nominates Randy Mastro in apparent doomed bid for top Big Apple attorney,Council sources told The Post that the Adams administration still doesn't have enough votes to get him through the nomination process.,https://nypost.com/2024/07/30/us-news/mayor-adams-nominates-randy-mastro-for-nycs-top-attorney/,https://nypost.com/wp-content/uploads/sites/2/2024/07/randy-mastro-newyork-corp-cousel-comp-00.jpg?quality=75&strip=all&w=1024,2024-07-30T21:02:32Z,"Mayor Eric Adams formally nominated Randy Mastro as the city’s next top attorney but sources say it’s already a doomed bid because there’s not enough support from the city council. 
Mastro, a contro… [+3191 chars]"
"{'id': None, 'name': 'Macdailynews.com'}",MacDailyNews,Apple’s earnings are almost here; the market reaction will likely surprise,"With Apple's fiscal Q324 earnings due on August 1st, is worth remembering that traders can behave in strange ways. Sometimes they’ll buy…
The post Apple’s earnings are almost here; the market reaction will likely surprise appeared first on MacDailyNews.",https://macdailynews.com/2024/07/30/apples-earnings-are-almost-here-the-market-reaction-will-likely-surprise/,https://149359564.v2.pressablecdn.com/wp-content/uploads/2024/03/240312_apple_logo.png,2024-07-30T21:00:54Z,"With Apple’s fiscal Q324 earnings due on August 1st, is worth remembering that traders can behave in strange ways. Sometimes theyll buy a stock on a rumor and sell it on the news. Sometimes when comp… [+2048 chars]"
"{'id': None, 'name': '[Removed]'}",,[Removed],[Removed],https://removed.com,,1970-01-01T00:00:00Z,[Removed]
"{'id': None, 'name': 'The New Republic'}",Alex Shephard,Read J.D. Vance’s Violent Foreword to Project 2025 Leader’s New Book,"Donald Trump has been desperate lately to distance himself from Project 2025, the Heritage Foundation’s radical plan to remake the federal government under his presidency. “I have no idea who is behind it,” he said in early July about the plan, which would re…",https://newrepublic.com/article/184393/jd-vance-violent-foreword-kevin-roberts-project-2025-leader-book,https://images.newrepublic.com/7d2e867ac4af88f6b17f8396b9520c8fb4bc53e6.jpeg?w=1200&h=630&crop=faces&fit=crop&fm=jpg,2024-07-30T21:00:11Z,"Whether Vances foreword to Dawns Early Light survives this dustup is anyones guess. Heres the text in full:In the classic American film Pulp Fiction, John Travoltas character, recently returned from … [+6282 chars]"
"{'id': None, 'name': 'Bangkok Post'}",Pimpavadee Phaholyothin & Michael Roy,A non-native threat to Thai waters,"<p>Thailand boasts some of the most diverse ecosystems on the planet. From the lush forests of the North to the mangroves of the South, this country is a sanctuary for a plethora of wildlife species. These natural systems have evolved over millennia, during w…",https://www.bangkokpost.com/opinion/opinion/2838637/a-non-native-threat-to-thai-waters,https://static.bangkokpost.com/media/content/dcx/2024/07/31/5222657_700.jpg,2024-07-30T21:00:00Z,"Thailand boasts some of the most diverse ecosystems on the planet. From the lush forests of the North to the mangroves of the South, this country is a sanctuary for a plethora of wildlife species. Th… [+5998 chars]"
"{'id': None, 'name': '9to5Mac'}",Ryan Christoffel,This is the new Siri with Apple Intelligence in iOS 18.1 beta 1,"The start of ‘a new era for Siri’ has arrived in iOS 18.1 beta 1. The new beta provides the first hands-on experience with an Apple Intelligence-infused Siri.



Here’s what the new Siri can do and what it’s like to use it.



 more…",https://9to5mac.com/2024/07/30/this-is-the-new-siri-with-apple-intelligence-in-ios-181-beta-1/,https://i0.wp.com/9to5mac.com/wp-content/uploads/sites/6/2024/07/siri-ios18.1-ai-iphone.jpg?resize=1200%2C628&quality=82&strip=all&ssl=1,2024-07-30T20:57:22Z,"The start of a new era for Siri has arrived in iOS 18.1 beta 1. The new beta provides the first hands-on experience with an Apple Intelligence-infused Siri.
Heres what the new Siri can do and what i… [+3543 chars]"
"{'id': None, 'name': 'POPSUGAR'}",Kyley Warren,"11 Carry-On Bags Every Jet-Setter Should Own, According to Our Editors","Anticipating a busy travel season? Before booking your next flight or making any hotel reservations, you'll want to make sure that you have a good suitcase on hand. Airports are busier than ever these days, and with so many cases of delayed flights and lost l…",https://www.popsugar.com/travel/best-carry-on-luggage-46162008,https://media1.popsugar-assets.com/files/thumbor/oKiHCETLym7u__5FepQYr29uscY=/0x102:2789x1566/fit-in/2790x1566/top/filters:format_auto():quality(85):upscale()/2023/05/01/762/n/1922441/fe1ee56e644ff427533e73.05308001_.png,2024-07-30T20:52:03Z,"Anticipating a busy travel season? Before booking your next flight or making any hotel reservations, you'll want to make sure that you have a good suitcase on hand. Airports are busier than ever thes… [+1747 chars]"
"{'id': None, 'name': 'New York Post'}",Steven Nelson,Top Biden aide Anita Dunn first to jump ship from White House after Dems’ presidential candidate swap,"WASHINGTON — President Biden’s senior adviser for communications Anita Dunn is leaving the White House for a Kamala Harris super PAC, marking the first high-level departure since Biden abandoned his bid for a second term over concerns about his mental acuity.…",https://nypost.com/2024/07/30/us-news/top-biden-aide-anita-dunn-first-to-jump-ship-from-white-house-after-dems-presidential-candidate-swap/,https://nypost.com/wp-content/uploads/sites/2/2024/07/anita-dunn-senior-advisor-president-82490945.jpg?quality=75&strip=all&w=1024,2024-07-30T20:48:53Z,"WASHINGTON President Biden’s senior adviser for communications Anita Dunn is leaving the White House for a Kamala Harris super PAC, marking the first high-level departure since Biden abandoned his bi… [+3466 chars]"
"{'id': None, 'name': 'Scienceofpeople.com'}",Vanessa Van Edwards,11 Hidden Benefits of Being an Introvert (You Didn’t Know),"Below is our list of amazing benefits for introverts—even if not all of these apply, see if some
The post 11 Hidden Benefits of Being an Introvert (You Didn’t Know) appeared first on Science of People.",https://www.scienceofpeople.com/introvert-benefits/,https://www.scienceofpeople.com/wp-content/uploads/2024/07/Canva-Images-4.jpg,2024-07-30T20:47:35Z,"Below is our list of amazing benefits for introvertseven if not all of these apply, see if some of these traits resonate with you!
Remember, quietness can be your superpower. See how below.
Interes… [+14695 chars]"
"{'id': None, 'name': 'Biztoc.com'}",wsj.com,"Big Tech Stocks Keep Falling Ahead of Earnings Deluge, Fed Meeting","Meta Platforms, Amazon and Apple will report in the coming days.",https://biztoc.com/x/8661cda36ddd098d,https://biztoc.com/cdn/800/og.png,2024-07-30T20:43:59Z,"Meta Platforms, Amazon and Apple will report in the coming days.
This story appeared on wsj.com, 2024-07-30."
"{'id': None, 'name': 'Variety'}",Atingley4,Barbie Grows Up in New ‘Dream Besties’ Collection,"Barbie’s exact age has always been a mystery but the blockbuster-starring doll grows at least a few years older in a new collection announced Tuesday, July 30. The “Dream Besties” collection features four new dolls targeted towards older fans, each carrying t…",https://variety.com/2024/shopping/news/barbie-dream-besties-collection-buy-online-1236090389/,https://variety.com/wp-content/uploads/2024/07/barbie-dream-besties-collection.png?w=1000&h=563&crop=1,2024-07-30T20:40:30Z,"If you purchase an independently reviewed product or service through a link on our website, Variety may receive an affiliate commission.
Barbie‘s exact age has always been a mystery but the blockbus… [+1954 chars]"
"{'id': None, 'name': 'PCMag.com'}",Kim Key,Briar,"A super-private app that may be too locked down for casual users
Briar is the most privacy-focused private messaging app we've tested, but its stringent policies also make it less functional for most users. Briar is an open-source app intended for use by acti…",https://me.pcmag.com/en/communications/25048/briar,https://sm.pcmag.com/t/pcmag_me/review/b/briar/briar_axxz.1200.jpg,2024-07-30T20:39:11Z,"Briar is the most privacy-focused private messaging app we've tested, but its stringent policies also make it less functional for most users. Briar is an open-source app intended for use by activists… [+6868 chars]"
"{'id': None, 'name': 'PCMag.com'}",Kim Key,Briar,"A super-private app that may be too locked down for casual users
Briar is the most privacy-focused private messaging app we've tested, but its stringent policies also make it less functional for most users. Briar is an open-source app intended for use by acti…",https://uk.pcmag.com/communications-1/153642/briar,https://sm.pcmag.com/t/pcmag_uk/review/b/briar/briar_ydun.1200.jpg,2024-07-30T20:39:11Z,"Briar is the most privacy-focused private messaging app we've tested, but its stringent policies also make it less functional for most users. Briar is an open-source app intended for use by activists… [+6868 chars]"
"{'id': None, 'name': 'Securityaffairs.com'}",Pierluigi Paganini,"Mandrake Android spyware found in five apps in Google Play with over 32,000 downloads since 2022","A new version of the Mandrake Android spyware has been found in five apps on Google Play, which have been downloaded over 32,000 times since 2022. Researchers from Kaspersky discovered a new version of the Mandrake Android spyware in five app on Google Play, …",https://securityaffairs.com/166342/mobile-2/mandrake-android-spyware-google-play.html,https://securityaffairs.com/wp-content/uploads/2024/07/image-36.png,2024-07-30T20:37:06Z,"Mandrake Android spyware found in five apps in Google Play with over 32,000 downloads since 2022
 | SideWinder phishing campaign targets maritime facilities in multiple countries
 | A crafty phishi… [+87579 chars]"
"{'id': None, 'name': 'Slashdot.org'}",feedfeeder,iOS 17.6—Update Now Warning Issued To All iPhone Users - Forbes,"iOS 17.6—Update Now Warning Issued To All iPhone UsersForbes Apple stealthily adds minor features in iOS 17.6, macOS 14.6 releasesArs Technica Apple releases iOS 18.1 developer beta with the first ‘Apple Intelligence’ iPhone featuresThe Verge RCS Messaging Fi…",https://slashdot.org/firehose.pl?op=view&amp;id=174632072,,2024-07-30T20:36:28Z,The Fine Print: The following comments are owned by whoever posted them. We are not responsible for them in any way.
"{'id': None, 'name': 'Wccftech'}",Ezza Ijaz,Your Thoughts Can Now Be Used To Control The Apple Vision Pro Thanks To The Brain Computer Interface,Apple Vision Pro has changed the world of augmented reality with its ground-breaking capabilities that allow you to indulge in an immersive experience while staying connected with reality. The headset has made quite the buzz for being used by the health care …,https://wccftech.com/your-thoughts-can-now-be-used-to-control-the-apple-vision-pro-thanks-to-the-brain-computer-interface/,https://cdn.wccftech.com/wp-content/uploads/2024/07/Apple-Vision-Pro-e1722370899511.jpg,2024-07-30T20:35:25Z,Apple Vision Pro has changed the world of augmented reality with its ground-breaking capabilities that allow you to indulge in an immersive experience while staying connected with reality. The headse… [+2423 chars]
"{'id': None, 'name': 'Biztoc.com'}",bizjournals.com,Apple confirms its AI models were trained on Google custom chips,The new software upgrade will be available on iOS 18 when it's released this fall.,https://biztoc.com/x/7b715179d108e903,https://biztoc.com/cdn/7b715179d108e903_s.webp,2024-07-30T20:33:28Z,"The new software upgrade will be available on iOS 18 when it's released this fall.
This story appeared on bizjournals.com, 2024-07-30."
"{'id': None, 'name': 'IndieWire'}",Bill Desowitz,‘Spellbound’ Teaser Trailer Mixes Disney-Inspired Magic and Musical Spectacle,"The first of the Skydance Animation features to be streamed by Netflix stars Rachel Zegler, Nicole Kidman, and Javier Bardem, with a score and songs by Alan Menken.",https://www.indiewire.com/news/trailers/spellbound-teaser-trailer-animated-musical-fairy-tale-1235030854/,https://www.indiewire.com/wp-content/uploads/2023/10/Spellbound-copy.jpg?w=650,2024-07-30T20:30:00Z,"Netflix dropped the teaser trailer July 30 for “Spellbound” (streaming November 22), the second animated feature from John Lasseter-led Skydance Animation (which is part of the impending Paramount-Sk… [+2617 chars]"
"{'id': None, 'name': 'AppleInsider'}",news@appleinsider.com (Amber Neely),Norman Foster speaks on creating Apple Park's iconic spaceship campus,"Norman Foster, the man responsible for Apple Park's iconic design, sat down for a new interview to talk about that process and his time with late CEO Steve Jobs.Apple ParkApple has called Cupertino, California, a home for quite some time. From 1993 until 2017…",https://appleinsider.com/articles/24/07/30/norman-foster-speaks-on-creating-apple-parks-iconic-spaceship-campus,https://photos5.appleinsider.com/gallery/46178-89892-apple-park-french-media-xl.jpg,2024-07-30T20:29:20Z,"Apple Park
Norman Foster, the man responsible for Apple Park's iconic design, sat down for a new interview to talk about that process and his time with late CEO Steve Jobs.
Apple has called Cuperti… [+2912 chars]"
"{'id': 'cbs-news', 'name': 'CBS News'}","Kaylyn McKenna, Brittany Vincent",Best back-to-school deals on computer monitors,"Our curated collection of back-to-school deals will help you save on computer monitors from Samsung, LG and HP.",https://www.cbsnews.com/essentials/best-back-to-school-deals-on-computer-monitors/,https://assets2.cbsnewsstatic.com/hub/i/r/2022/11/16/77fe6569-83ee-4b74-969a-6fdf39c45226/thumbnail/1200x630/06d1e4a560965058c8dc8e6a73d0d8f5/bf-monitor-header.png?v=8f1da8ceea4c14a7119ef5d6a2829966,2024-07-30T20:29:13Z,"Samsung via Amazon
Need a new computer monitor to kick off the school year? We've got you covered. The experts at CBS Essentials have compiled the best back-to-school deals on monitors from top-rate… [+7858 chars]"
"{'id': None, 'name': 'Yale.edu'}",news@yale.edu (Yale News),"PODCAST | Climate change, water scarcity, and economics in Bangladesh","Voices in Development: A Podcast from Yale's Economic Growth Center explores issues related to sustainable development and economic justice in low- and middle-income countries. In this episode, host Catherine Cheney speaks with Islamul Haque and Mushfiq Mobar…",https://egc.yale.edu/events/podcasts/voices-development-S2E7,https://egc.yale.edu/sites/default/files/styles/share_image/public/Voices%20in%20Development/Haque-Mobarak%202.jpg?itok=txJ9amKX,2024-07-30T20:29:11Z,"Voices in Development: Climate Change &amp; Water Scarcity Transcript 
Spotify | Apple Podcasts | Amazon | Subscribe
In the coastal regions of Bangladesh, a country often described as the ground ze… [+5386 chars]"
"{'id': None, 'name': 'KCCI Des Moines'}",,Ankeny police asking for help locating 15-year-old Aubrielle McKeel,"The Ankeny Police Department said Tuesday afternoon that 15-year-old Aubrielle McKeel was last seen around 1:30 a.m. Friday, July 26, at her home in Ankeny. She's described as a white female, 5 feet 9 inches and 180 pounds with long brown hair with red tips. …",https://www.kcci.com/article/missing-ankeny-girl-ankeny-police-asking-for-help-locating-15-year-old/61743486,"https://kubrick.htvapps.com/htv-prod-media.s3.amazonaws.com/images/mckeel-graphic-png-66a94ac241872.png?crop=0.998xw:1.00xh;0.00163xw,0&resize=1200:*",2024-07-30T20:28:08Z,"ANKENY, Iowa —Central Iowa authorities are asking for the public's help locating a missing 15-year-old Ankeny girl. 
The Ankeny Police Department said Tuesday afternoon that Aubrielle McKeel was las… [+470 chars]"
"{'id': None, 'name': 'PCMag.com'}",Emily Dreibelbis,OpenAI Unleashes 'Advanced Voice Mode' Following ScarJo Controversy,"The first users got access to the hands-free feature this week, a month behind schedule but looking to give competitors like Amazon Alexa and Apple's Siri a run for their money.
OpenAI is now rolling out Advanced Voice Mode to select Plus subscribers, followi…",https://uk.pcmag.com/ai/153641/openai-unleashes-advanced-voice-mode-following-scarjo-controversy,https://sm.pcmag.com/t/pcmag_uk/news/o/openai-unl/openai-unleashes-advanced-voice-mode-following-scarjo-contro_d9dc.1200.png,2024-07-30T20:27:46Z,"OpenAI is now rolling out Advanced Voice Mode to select Plus subscribers, following a controversial debut and a month-long delay.
An unknown number of ""alpha"" users get access to the feature today. … [+3038 chars]"
"{'id': None, 'name': 'PCMag.com'}",Emily Dreibelbis,OpenAI Unleashes 'Advanced Voice Mode' Following ScarJo Controversy,"The first users got access to the hands-free feature this week, a month behind schedule but looking to give competitors like Amazon Alexa and Apple's Siri a run for their money.
OpenAI is now rolling out Advanced Voice Mode to select Plus subscribers, followi…",https://me.pcmag.com/en/ai/25047/openai-unleashes-advanced-voice-mode-following-scarjo-controversy,https://sm.pcmag.com/t/pcmag_me/news/o/openai-unl/openai-unleashes-advanced-voice-mode-following-scarjo-contro_2pxm.1200.png,2024-07-30T20:27:46Z,"OpenAI is now rolling out Advanced Voice Mode to select Plus subscribers, following a controversial debut and a month-long delay.
An unknown number of ""alpha"" users get access to the feature today. … [+3038 chars]"
"{'id': 'ign', 'name': 'IGN'}",Bárbara Castro,"Novo papel de Timothée Chalamet encanta especialistas por ser ""incrivelmente preciso"" ao retratar importante cantor",Chalamet será Bob Dylan em A Complete Unknown.,https://br.ign.com/a-complete-unknown/127616/news/novo-papel-de-timothee-chalamet-encanta-especialistas-por-ser-incrivelmente-preciso-ao-retratar-impo,https://sm.ign.com/t/ign_br/screenshot/default/bd_1n7z.1200.png,2024-07-30T20:26:48Z,"Após emprestar sua voz para Willy Wonka, Timothée Chalamet terá mais um desafio pela frente ao viver o cantor de folk Bob Dylan. Em A Complete Unknown, o ator de Duna viverá o músico em seus primeiro… [+2041 chars]"
"{'id': None, 'name': 'Forbes'}","Derek Saul, Forbes Staff, 
 Derek Saul, Forbes Staff
 https://www.forbes.com/sites/dereksaul/",Microsoft Earnings: Stock Tanks As AI Business Growth Worse Than Expected,"A leader in all things technology for decades, the profitable but often plain Microsoft received a jolt over the last two years as analysts declared Microsoft the immediate winner in the AI rave, though it disappointed investors Tuesday.",https://www.forbes.com/sites/dereksaul/2024/07/30/microsoft-earnings-stock-tanks-as-ai-business-growth-worse-than-expected/,"https://imageio.forbes.com/specials-images/imageserve/66a93a4329bee43b04a31e82/0x0.jpg?format=jpg&crop=3150,1772,x0,y144,safe&height=900&width=1600&fit=bounds",2024-07-30T20:22:46Z,"Microsoft delivered strong earnings, but it wasnt enough to satisfy Wall Street during an unusually tense time for investors in big tech companies, as worse-than-forecasted results in its artificial … [+4177 chars]"
"{'id': None, 'name': 'Yahoo Entertainment'}",Anusuya Lahiri,"Affirm's Growth Boosted by Apple and Amazon Partnerships, Lower Interest Rates: Analyst",Affirm Holdings Inc (NASDAQ:AFRM) stock gained after B of A Securities analyst Jason Kupferberg upgraded the stock from Neutral to Buy with a price target of...,https://finance.yahoo.com/news/affirms-growth-boosted-apple-amazon-202153881.html,https://media.zenfs.com/en/Benzinga/579875c5c302c2b505ec3c1d2848ce33,2024-07-30T20:21:53Z,"Affirm's Growth Boosted by Apple and Amazon Partnerships, Lower Interest Rates: Analyst
Affirm Holdings Inc (NASDAQ:AFRM) stock gained after B of A Securities analyst Jason Kupferberg upgraded the s… [+3243 chars]"
"{'id': None, 'name': ""Tom's Hardware UK""}",Aaron Klotz,"DRAM and NAND revenue could swell to $90 billion and $67 billion respectively in 2024, thanks to AI-driven demand",DRAM and NAND flash revenue is expected to increase drastically in 2024 and continue to increase in 2025 thanks to increased demand in high revenue generating products such as HBM.,https://www.tomshardware.com/pc-components/storage/dram-and-nand-revenue-could-swell-to-dollar90-billion-and-dollar67-billion-respectively-in-2024-thanks-to-ai-driven-demand,https://cdn.mos.cms.futurecdn.net/FMLMT56MjnfRAxCDsULpCo-1200-80.jpg,2024-07-30T20:17:16Z,The DRAM and NAND flash industries could hit a huge revenue milestone this year. Storage Newsletter reports that DRAM and NAND flash revenue is expected to increase by a whopping 75% and 77% this yea… [+2189 chars]
"{'id': None, 'name': 'Forbes'}","Hugh McIntyre, Senior Contributor, 
 Hugh McIntyre, Senior Contributor
 https://www.forbes.com/sites/hughmcintyre/",Jimin Reaches A Billboard Chart For The First Time In His Career,BTS singer Jimin reaches Billboard's Top Streaming Albums chart for the first time with his new solo EP Muse.,https://www.forbes.com/sites/hughmcintyre/2024/07/30/jimin-reaches-a-billboard-chart-for-the-first-time-in-his-career/,"https://imageio.forbes.com/specials-images/imageserve/64792f2366758f5f6f0e1090/0x0.jpg?format=jpg&crop=1806,1355,x0,y38,safe&height=900&width=1600&fit=bounds",2024-07-30T20:16:16Z,"SEOUL, SOUTH KOREA - NOVEMBER 20: Jimin of BTS during BTS's new album 'BE (Deluxe Edition)' release ... [+] press conference at Dongdaemun Design Plaza on November 20, 2020 in Seoul, South Korea. Jim… [+2107 chars]"
"{'id': None, 'name': 'Idownloadblog.com'}",Christian Zibreg,iOS 18 lets you choose how Siri responds over your car’s Bluetooth audio,iOS 18 enables a new feature that lets you choose how the Siri assistant on the phone plays responses over your car's Bluetooth audio.,https://www.idownloadblog.com/2024/07/30/apple-ios-18-siri-responses-car-bluetooth/,https://media.idownloadblog.com/wp-content/uploads/2024/07/Apple-iOS-18-Siri-Responses-Car-Bluetooth-Radio-Selected.jpg,2024-07-30T20:15:36Z,"iOS 18 enables a new feature that lets you decide whether the Siri assistant responds over your car’s radio, media, etc., when connected via Bluetooth.
The Siri response options for Bluetooth in the… [+1971 chars]"
